Title,Title_URL,artlink_URL,artlink,Time,Field
iDNES.cz,htts://www.idnes.cz,https://www.idnes.cz/zpravy/revue/modelky/eliska-buckova-modelka-miss-rodina-morava-dite.A250319_112630_missamodelky_zar,"Odstěhuji se na Moravu, najdu si partnera a porodím dítě, plánuje Eliška Bučková", dnes,Je Česká Miss a na kontě má kariéru v modelingu i zpívání v muzikálu. Elišku Bučkovou (35) teď nejvíc naplňuje její...
iDNES.cz,htts://www.idnes.cz,https://www.idnes.cz/zpravy/domaci/ukrajina-zbrane-valka-cerny-obchod-telegram.A250323_203900_domaci_stud,"Ukrajinci nabízejí na síti zbraně z války. Černý obchod bují už teď, bude to horší", dnes,"Samopal MP5 Heckler & Koch MP5 za 490 dolarů. Samopal 26 za 450 dolarů, samonabíjecí puška Taurus T4 za 820 dolarů,..."
Expres,https://www.expres.cz/,https://www.expres.cz/celebrity/let-s-dance-eva-buresova-premek-forejt.A250324_115143_dx-celebrity_stes,"Burešová žehlí aférku se Saganem: Slzy v přímém přenosu, vyznání Forejtovi", před 10 hodinami,"Noční procházkou s Peterem Saganem si u fanoušků udělala vroubek, mnozí její slova o přátelském držení za ruce nevzali...."
Lidovky,https://www.lidovky.cz/,https://www.lidovky.cz/nazory/spolu-volby-koalice-preference-odchod-pekarove-adamove.A250323_152511_ln_nazory_halu,"SPOLU, ovšem v rozhrkaném autobusu. Nabízí se ale jiná alternativa ke svezení?", dnes,"Před parlamentními volbami 2021 vyrukovala koalice SPOLU s volebním autobusem, na jehož bocích se vyjímala „svatá..."
iDNES.tv,https://tv.idnes.cz/,https://tv.idnes.cz/krimi/nuselsky-most-praha-nehoda-doprava-zraneni-hasici-policie-sanikta-zachranka.V250324_190513_idnestv_pech,Na Nuselském mostě se převrátilo auto na střechu, před 2 hodinami,
Reality.iDNES.cz,https://reality.idnes.cz/,https://reality.idnes.cz/detail/prodej/byt/costa-adeje/666195c5b8554681a10dd112/?ad=zabka&utm_source=sph.idnes&utm_medium=richtext&utm_content=sph-box,"Prodej bytu 2+kk 45 m2, Costa Adeje, Tenerife, Španělsko", dnes,"Skloubení subtropických zahrad s horským a oceánským prostředím, Ramada Residences Costa Adeje se nachází na oblíbeném..."
Databazeknih.cz,https://www.databazeknih.cz/,https://www.databazeknih.cz/novinky/letni-slunovrat-vladci-smrti-a-dalsi-knizni-novinky-13-tyden-2385?utm_source=web&utm_medium=feed&utm_campaign=idnes,"Letní slunovrat, Vládci smrti a další knižní novinky (13. týden)", včera,"Vítáme vás u dalšího článku s připravovaných knižními novinkami. Tentokrát se podíváme, jaké knihy vyjdou v období od..."
iDNES.cz,htts://www.idnes.cz,https://www.idnes.cz/zpravy/zahranicni/gronsko-usa-navsteva-delegace-usha-vanceova-mike-waltz-dansko-donald-trump.A250324_091444_zahranicni_dtt,"Provokace a demonstrace síly, zuří Gróňané kvůli návštěvě z USA", před 12 hodinami,"Za provokaci označil grónský premiér Múte Egede nadcházející návštěvu manželky viceprezidenta USA Ushy Vanceové, kterou..."
iDNES.cz,htts://www.idnes.cz,https://www.idnes.cz/zpravy/zahranicni/jaderne-zbrane-britanie-rusko-usa-healey.A250321_094154_zahranicni_jhr,"Náš jaderný arzenál způsobí protivníkům nepopsatelné škody, varuje Londýn", dnes,"Nás jaderný arzenál může protivníkům Spojeného království způsobit „nevýslovné škody“, prohlásil britský ministr obrany..."
Metro.cz,https://www.metro.cz/,https://www.metro.cz/praha/zmena-casu-2025-letni-cas-se-blizi-jak-ovlivni-dopravu-v-praze-a-proc-uz-mozna-nema-smysl.A250324_122658_metro-spolecnost_hyr,Změna času 2025: Letní čas se blíží. Jak ovlivní dopravu v Praze a proč už možná nemá smysl?, před 9 hodinami,V noci ze soboty 29. na neděli 30. března 2025 se v České republice opět mění čas. Ve 2:00 středoevropského času (SEČ)...
,,,,,
Expres,https://www.expres.cz/,https://www.expres.cz/celebrity/sagan-po-afere-s-buresovou-s-manzelkou-po-rozvodu-funguji-jako-rodina.A250324_114056_dx-celebrity_lare,Sagan po aféře s Burešovou: S manželkou po rozvodu fungují jako rodina!, před 9 hodinami,Před sedmi lety plnil titulní stránky českých i slovenských bulvárů. Řešil se totiž jeho nečekaný rozvod s půvabnou...
Lidovky,https://www.lidovky.cz/,https://www.lidovky.cz/nazory/valka-na-ukrajine-primeri-donald-trump-usa-rusko-monitorovaci-mise.A250324_145500_ln_nazory_lgs,"Dohlížet na mír? Na Ukrajině se ještě střílí, ale v Praze už je spor o účast v monitorovací misi", před 6 hodinami,"Slovo „chcimír“ už přestalo platit jako nadávka, což je dobře. Dokud byl každý, komu šlo o konec války na Ukrajině,..."
iDNES.tv,https://tv.idnes.cz/,https://tv.idnes.cz/domaci/pizzeria-v-liberci-serviruje-dubajskou-pizzu.V250324_162402_idnestv_jda,Pizzeria v Liberci servíruje dubajskou pizzu, před 4 hodinami,
Akční ceny,https://www.akcniceny.cz/,https://www.akcniceny.cz/magazin/nebezpecne-barvy-na-vlasy-v-cesku-obsahuji-zakazane-latky-a-mohou-ovlivnit-plodnost/,Nebezpečné barvy na vlasy v Česku: Obsahují zakázané látky a mohou ovlivnit p..., před 2 hodinami,"Státní zdravotní ústav varuje před některými barvami na vlasy, které se dostaly do českých obchodů. Obsahují nebezpečné..."
iDNES.cz,htts://www.idnes.cz,https://www.idnes.cz/ekonomika/zahranicni/fentanyl-usa-cina-export-cla-donald-trump-obchod-vyvoz.A250318_142936_eko-zahranicni_jla,"Je fentanyl příčina, anebo záminka? Za co všechno může a nemůže Čína", dnes,Už na počátku února se americký prezident rozhodl zavést dodatečné desetiprocentní clo na veškerý dovoz z Číny do USA....
iDNES.cz,htts://www.idnes.cz,https://www.idnes.cz/fotbal/reprezentace/nemecko-italie-liga-narodu-gol-k-z-rohu-kuriozita-musiala-kimmich.A250324_104203_fot_reprez_min,Kuriózní gól zesměšnil Italy a pobavil Němce. Hráči děkovali podavači míčů, před 10 hodinami,"Italští fotbalisté by se v tu chvíli nejradši propadli. „Jak pěkně jste si zdřímli,“ pronesl ironicky komentátor..."
Expres,https://www.expres.cz/,https://www.expres.cz/celebrity/stastna-ester-geislerova-zasnuby-s-pritelem-v-brazilske-dzungli.A250324_110951_dx-celebrity_lare,Šťastná Ester Geislerová: Zásnuby s přítelem v brazilské džungli!, před 10 hodinami,Herečka Ester Geislerová (41) se fanouškům pochlubila šťastnou novinkou ze soukromého života. S partnerem Martinem (30)...
Lidovky,https://www.lidovky.cz/,https://www.lidovky.cz/nazory/donald-trump-usa-vzdelavani-federalni-ministerstvo-skolstvi-zruseni.A250324_112412_ln_nazory_lgs,Nad některými nápady Trumpa zůstává člověku rozum stát. Zrušení federálního ministerstva školství se to netýká, před 9 hodinami,Je nutné ministerstvo školství? Myslím tím to americké. Rozhodnutí prezidenta Donalda Trumpa zrušit federální...
Antiyoutuber.cz,https://www.antiyoutuber.cz/,https://www.antiyoutuber.cz/clanky/taras-tary-povoroznyk-youtube-youtuber-instagram-influencer.A250321_180100_antiyout-clanky_sorm,"Tary exkluzivně o své kariéře: Youtubeři mě mezi sebe nebrali, první milion jsem vložil do koupi bytu", dnes,"2 miliardy zhlédnutí na videích, spousta peněz, ale i kritiky. Taras „Tary“ Povoroznyk v podcastu redakce..."
iDNES.tv,https://tv.idnes.cz/,https://tv.idnes.cz/zahranicni/kosmeticka-firma-prodavala-v-new-yorku-vejce-za-tretinu-bezne-ceny.V250324_094450_idnestv_jaha,Kosmetická firma prodávala v New Yorku vejce za třetinu běžné ceny, před 2 hodinami,
eMimino,https://www.emimino.cz/,https://www.emimino.cz/clanky/netoxicka-domacnost-jarni-uklid-tipy/,"Netoxická domácnost: 7 tipů, jak na jarní úklid bez chemikálií", před 3 hodinami,"Chcete mít domov bez zbytečných chemikálií, který bude zdravější pro vás i vaše děti? Jarní úklid je ideální..."
Harpersbazaar,https://harpersbazaar.cz/,https://harpersbazaar.cz/fashion/fashion-memes-proc-starter-packy-a-reakcni-videa-vladnou-modnim-trendum/,Fashion memes: Proč starter packy a reakční videa vládnou módním trendům, dnes,"Když luxusní značky začnou komunikovat prostřednictvím memů, je jasné, že hranice mezi exkluzivitou a masovou..."
iDNES.cz,htts://www.idnes.cz,https://www.idnes.cz/brno/zpravy/nalez-letecka-puma-evakuace-centrum-brna-policie-pyrotechnik.A250324_121831_brno-zpravy_krut,"Pyrotechnici zlikvidovali leteckou pumu nalezenou v Brně, byla sovětské výroby", před 9 hodinami,"Policisté spolu s hasiči dnes kolem poledne evakuovali víc než tisíc lidí z budov mezi ulicemi Trnitá, Uhelná a..."
iDNES.cz,htts://www.idnes.cz,https://www.idnes.cz/zpravy/zahranicni/usa-gronsko-dansko-americke-zbrane-usa-stihacka-stihaci-letoun-f-35-nakup.A250324_103246_zahranicni_dtt,"Lituji, že jsme koupili americké stíhačky, řekl dánský politik. Varuje spojence", před 11 hodinami,"Předsedu dánského parlamentního výboru pro obranu mrzí, že se jeho země rozhodla pro americké bojové letouny F-35, a..."
Expres,https://www.expres.cz/,https://www.expres.cz/celebrity/marketa-konvickova-na-detech-raje-ted-se-citim-dobre-musela-jsem-se-ohradit.A250323_140250_dx-celebrity_bk,"Markéta Konvičková na Dětech ráje: Teď se cítím dobře, musela jsem se ohradit", před 10 hodinami,"Zpěvačka a herečka Markéta Konvičková (30) na premiéru muzikálu Děti ráje 2 přišla podle svých slov nepolíbená, první..."
Lidovky,https://www.lidovky.cz/,https://www.lidovky.cz/nazory/donald-trump-vladimir-putin-volodymyr-zelenskyj-valka-ukrajina-rusko-usa.A250321_173457_ln_nazory_lgs,Jak se z války na Ukrajině zrodí klid zbraní? Důvod k jásání tu není, před 12 hodinami,"Slib Donalda Trumpa, že během 24 hodin zastaví válku na Ukrajině, všichni normálně smýšlející lidé pochopili jako..."
iDNES.tv,https://tv.idnes.cz/,https://tv.idnes.cz/zahranicni/hrec-francie-deaprdieu-soud-pariz-sexualni-obtezovani.V250324_195757_idnestv_pech,"Francouzský herec Depardieu přišel k soudu, obviněný je z obtěžování", před hodinou,
Electric drive,https://www.electricdrive.cz/,https://www.electricdrive.cz/elektromobilita-neni-nesmysl-kalifornie-ma-diky-ni-cistsi-vzduch-a-silnejsi-ekonomiku/,Elektromobilita není nesmysl: Kalifornie má díky ní čistší vzduch a silnější ekonomiku, před 11 hodinami,Kalifornie oznámila výrazný pokles emisí skleníkových plynů a významně se přiblížila svému cíli dosáhnout uhlíkové...
iDNES.cz,htts://www.idnes.cz,https://www.idnes.cz/zpravy/zahranicni/klimaticti-aktiviste-posledni-generace-obzaloba-mnichov-nemecko.A250324_133929_zahranicni_jhr,V Mnichově obvinili klimatické aktivisty ze zřízení zločinecké organizace, před 7 hodinami,Mnichovské státní zastupitelství obvinilo pět klimatických aktivistů z bývalého protestního hnutí Poslední generace...
iDNES.cz,htts://www.idnes.cz,https://www.idnes.cz/zpravy/domaci/ministr-dvorak-operace-kycelni-kloub.A250324_100712_domaci_tbr,"Ministr Dvořák se zranil při hře s vnoučaty, musel na akutní operaci kyčle", před 11 hodinami,Ministr pro evropské záležitosti Martin Dvořák (STAN) podstoupil o víkendu akutní operaci kyčelního kloubu. Čeká ho...
Metro.cz,https://www.metro.cz/,https://www.metro.cz/spolecnost/rybareni-laka-i-zeny-poslete-svou-fotku-deniku-metro-a-vyhrajte-500-korun.A250324_111117_metro-spolecnost_hyr,Rybaření láká i ženy! Pošlete svou fotku deníku Metro a vyhrajte 500 korun, před 10 hodinami,"Rybaření už dávno není jen mužská záležitost. Stále více žen se vydává k vodě, loví kapitální úlovky a boří stereotypy...."
Expres,https://www.expres.cz/,https://www.expres.cz/celebrity/a-je-to-venku-golfista-tiger-woods-chodi-s-ex-trumpa-juniora-vanessou.A250324_105020_dx-celebrity_chlp,A je to venku: Golfista Tiger Woods chodí s ex Trumpa Juniora Vanessou, před 7 hodinami,"To, o čem si vrabci v Los Angeles už nějakou dobu štěbetali, se potvrdilo. Slavný golfista Tiger Woods přiznal, že..."
Lidovky,https://www.lidovky.cz/,https://www.lidovky.cz/nazory/donald-trump-ekonomika-dane-cla-eu-deregulace-financial-times.A250324_135825_ln_nazory_lgs,Trumpova ekonomická politika děsí svět. Evropa na tom ale nakonec může vydělat, před 4 hodinami,"Americká ekonomika neprožívá po nástupu prezidenta Donalda Trumpa do úřadu zrovna šťastné období. Akciový index klesá,..."
iDNES.tv,https://tv.idnes.cz/,https://tv.idnes.cz/krimi/pet-zranenych-u-slaneho-ridic-kamionu-na-videu-nemel-sanci.V250324_120342_idnestv_jda,Pět zraněných u Slaného: Řidič kamionu na videu neměl šanci, před 9 hodinami,
Akční ceny,https://www.akcniceny.cz/,https://www.akcniceny.cz/magazin/dotace-na-destovku-kolik-muzete-dostat-a-jak-o-ni-pozadat/,Dotace na Dešťovku: Kolik můžete dostat a jak o ni požádat?, před 2 hodinami,Zachytávání dešťové vody šetří životní prostředí i vaši peněženku. Díky programu Dešťovka můžete získat státní podporu...
iDNES.cz,htts://www.idnes.cz,https://www.idnes.cz/zpravy/revue/vztahy-a-sex/tiger-woods-golfista-vztah-vanessa-trump-pritelkyne-trump-junior.A250324_080644_sex_potu,Tiger Woods má novou lásku. Chodí s exmanželkou mladého Trumpa, před 11 hodinami,"Americký golfista Tiger Woods (49) na Instagramu oficiálně prozradil, že tvoří pár s bývalou manželkou Donalda Trumpa..."
iDNES.cz,htts://www.idnes.cz,https://www.idnes.cz/ekonomika/domaci/rozstrel-nedostatek-bytu-rozvrat-politika-rysavka-kunovsky-central-group.A250318_204118_ekonomika_vov,Developer Kunovský: Nedostatek bytů je tikající bomba. Hrozí politický rozvrat, před 12 hodinami,Český trh s bydlením se potýká s dlouhodobou stagnací a nedostatkem dostupných bytů. Podle předsedy představenstva...
Expres,https://www.expres.cz/,https://www.expres.cz/zpravy/klimatologicky-summit-v-brazilii-znamena-devastaci-mistniho-pralesa.A250313_205940_dx-zpravy_chlp,Klimatologický summit v Brazílii znamená devastaci místního pralesa, dnes,"V brazilském městě Belému se chystá velký klimatický summit, který bude hostit na 50 tisíc politiků a odborníků z..."
Lidovky,https://www.lidovky.cz/,https://www.lidovky.cz/magazin/ester-geislerova-martin-krupa-zasnoubeni.A250324_090544_ln-magazin_lsva,Herečka Geislerová se zasnoubila. Přítel ji požádal o ruku během dovolené v Brazílii, dnes,"Herečka a výtvarnice Ester Geislerová (41), nejmladší ze sester Geislerových, se v únoru zasnoubila. „Ano“ řekla herci..."
Antiyoutuber.cz,https://www.antiyoutuber.cz/,https://www.antiyoutuber.cz/clanky/jon-marianek-youtuber-youtube-instagram-influencer-usa.A250324_103415_antiyout-clanky_sorm,"Mariánek při návštěvě Česka zamířil na párty. Slibuje propracovanou tvorbu, fanošci už mu nevěří", před 9 hodinami,"Jon Mariánek se vrátil do Česka, kde se rozhodl vydat na párty v Hustopečích. Na Instagramu se rozpovídal o tom, co se..."
iDNES.tv,https://tv.idnes.cz/,https://tv.idnes.cz/technika/prozkomat-cinske-mpv-znacky-dongfeng.V250321_125531_idnestv_heli,Prozkoumali jsme čínské MPV značky Dongfeng. Má luxusní interiér, před 12 hodinami,
eMimino,https://www.emimino.cz/,https://www.emimino.cz/clanky/podcast-netabuj-michaela-smolenova/,"Při porodu mi dítě odmítla dát. Pak jsem našla na sociálních sítích, že ho...", dnes,V novém dílu podcastu Netabuj Michaela Smolenová otevřeně sdílí svou osobní zkušenost s těžkým bojem o mateřství. Od...
Harpersbazaar,https://harpersbazaar.cz/,https://harpersbazaar.cz/art/tip-veroniky-scattergood-nadprirozeno-a-ritualni-obeti-ocima-karimy-al-mukhtarove/,Tip Veroniky Scattergood: Nadpřirozeno a rituální oběti očima Karímy Al-Mukhtarové, dnes,"Jedna z našich nejzajímavějších současných umělkyň vystavuje svá díla, která inspirovalo tajemné africké náboženství. "
iDNES.cz,htts://www.idnes.cz,https://www.idnes.cz/sport/biatlon/johannes-bo-posledni-zavod.A250323_190251_biatlon_vp2,"V pondělí nebudu pít ani řídit. Jak skončila éra, kdy se z biatlonu stal boeatlon", dnes,"Cílem hromadného závodu projel na sedmém místě, vyplázl jazyk, počkal na bratra Tarjeie, objali se. Pak je parťáci..."
iDNES.cz,htts://www.idnes.cz,https://www.idnes.cz/auto/zpravodajstvi/dongfeng-u-tour-mpv-cina.A250310_121857_automoto_fdv,Sedmimístný dongfeng je luxusním autem pro čtyři. Čínské MPV nemá soupeře, dnes,"V době, kdy se kategorie MPV v podstatě smrskla na osobní verze dodávek, přichází na evropské trhy čínský zástupce,..."
Expres,https://www.expres.cz/,https://www.expres.cz/jenpromuze/sdeleni/undone-trendy-nealkoholicke-drinky.A250321_135812_jenpromuze-sdeleni_shlo2,Undone: trendy nealkoholické drinky, před 8 hodinami,"Co kdybyste si mohli užít své oblíbené koktejly s ginem, aperolem nebo vermutem, ale bez alkoholu? Hamburský nápojový..."
Lidovky,https://www.lidovky.cz/,https://www.lidovky.cz/nazory/senat-daniela-kovarova-miroslava-nemcova-vladimir-putin-rusko-bezpecnost.A250324_132023_ln_nazory_lgs,"Kulturní zatykač: senátorka Kovářová, dead or alive", před 2 hodinami,"Na senátorku Danielu Kovářovou je vydán kulturní zatykač, zneužiji termín Václava Bělohradského. „Jsem z vás zhnusena,“..."
iDNES.tv,https://tv.idnes.cz/,https://tv.idnes.cz/zahranicni/mexiko-zatknout-nemecko-turista-vystup-posvatna-pyramida-kukulkan.V250324_102738_idnestv_anka,V Mexiku zatkli německého turistu za výstup na posvátnou Kukulkánovu pyramidu, před 11 hodinami,
autozive,https://www.autozive.cz/,https://www.autozive.cz/dacia-jogger-konkurence/,"Má obrovský kufr, jezdí za 5 litrů, stojí méně než motorka a uveze 7 lidí. Je lepší koupit ho spí...", dnes,"Kdysi populární druh automobilu a typ karoserie, který Češi milovali, pomalu mizí z nabídky. Dá se ale stále najít za..."
iDNES.cz,htts://www.idnes.cz,https://www.idnes.cz/auto/zpravodajstvi/hyundai-i30-ojetina-bazar-autobazar.A250320_152615_automoto_fdv,Rodinný ideál z Česka. Hyundai i30 berte bez obav s benziňákem, dnes,"Doba, kdy jsme se korejským autům spíš posmívali, je už dávno pryč. Třetí i30 zabodovala povedeným podvozkem, příjemným..."
iDNES.cz,htts://www.idnes.cz,https://www.idnes.cz/bydleni/rekonstrukce/byt-ve-zrekonstruovanem-cinzaku-architekt-peter-pozar.A250321_135940_dum_osobnosti_rez,"Činžák po proměně fascinuje, v přízemním bytě se cítí jako v domku", dnes,Vrátili se z dlouholetého pobytu v Anglii a v pronajatém bytě na Vinohradech to pro ně stále nebylo „jako doma“. Teprve...
Metro.cz,https://www.metro.cz/,https://www.metro.cz/spolecnost/the-lumineers-se-vraci-s-patym-albem-a-planem-okouzlit-o2-arenu.A250323_163101_metro-spolecnost_hala,The Lumineers se vrací s pátým albem a plánem okouzlit O2 arenu, dnes,"Zažít americkou kapelu The Lumineers naživo je hudební zážitek – silné melodie, srdečný projev a imponující historie,..."
Expres,https://www.expres.cz/,https://www.expres.cz/celebrity/je-to-paruka-nejste-nemocna-lide-se-ptaji-na-novy-uces-jany-malacove.A250323_131029_dx-celebrity_chlp,"Je to paruka, nejste nemocná? Lidé se ptají na nový účes Jany Maláčové", včera,"Jana Maláčová chce voliče zaujmout nejen ostrými prohlášeními a levicovým programem, ale zjevně také svým vzhledem. V..."
Lidovky,https://www.lidovky.cz/,https://www.lidovky.cz/nazory/kralupy-bombardovani-spojenecka-letadla-smutny-rekordman-druha-svetova-valka-1945.A250324_125628_ln_nazory_lsva,Smutný rekordman jara 1945. Nálet spojeneckých letadel na Kralupy byl nejtěžší v republice, před 3 hodinami,"Naše nejrozbombardovanější město za války. Takové byly průmyslové Kralupy nad Vltavou 22. března 1945, právě před 80..."
iDNES.tv,https://tv.idnes.cz/,https://tv.idnes.cz/zahranicni/velka-britanie-anglie-turiste-auta-autobus-pamatky-provoz-ulice.V250324_153229_idnestv_pech,Samospráva nejkrásnější vesnice v Anglii chce „zatočit“ s turisty, před 6 hodinami,
Akční ceny,https://www.akcniceny.cz/,https://www.akcniceny.cz/magazin/pozor-ridici-9-dubna-probehne-velka-kontrola-rychlosti-na-silnicich-po-cele-cr/,Pozor řidiči: 9. dubna proběhne velká kontrola rychlosti na silnicích po celé..., dnes,Policie České republiky chystá masivní celostátní akci zaměřenou na měření rychlosti – Speed Marathon 2025. Kontroly...
iDNES.cz,htts://www.idnes.cz,https://www.idnes.cz/zpravy/domaci/manual-pro-krizi-preziti-valecny-konflikt-ministerstvo-vnitra-hasici.A250321_144559_domaci_dyn,Jak přežít tři dny při povodních či válce? Česko chystá nový manuál pro obyvatele, před 8 hodinami,Česko reaguje na vzrůstající napětí v mezinárodní politice a podobně jako další evropské země aktualizuje a rozšiřuje...
iDNES.cz,htts://www.idnes.cz,https://www.idnes.cz/cestovani/po-cesku/dalesicka-prehrada-udoli-reka-jihlava-tip-na-vylet-trampove-osady-historie.A250320_161954_po-cesku_hig,Putování po skalách a trampských památnících u Dalešické přehrady vás dojme, dnes,Jedním z nejkrásnějších míst moravské krajiny je údolí řeky Jihlavy. Obdivovat ho můžete v původní přírodní podobě nebo...
Expres,https://www.expres.cz/,https://www.expres.cz/celebrity/proc-zmizel-leos-mares-z-instagramu-a-z-medialniho-sveta-a-na-jak-dlouho.A250321_205614_dx-celebrity_haku,Proč zmizel Leoš Mareš z Instagramu a z mediálního světa? A na jak dlouho?, včera,"Leoš Mareš (48) jméno, které si každý okamžitě spojí s českým showbyznysem, hudbou, rádiem a ikonickými kožichy. Přesto..."
Lidovky,https://www.lidovky.cz/,https://www.lidovky.cz/orientace/andy-warhol-zity-sen-vystava-pardubice-legenda-pop-art.A250324_111809_ln-orientace_lsva,Zkušenosti a sny Andyho Warhola. V Pardubicích probíhá unikátní výstava legendy pop-artu, před 8 hodinami,Nová výstava Žitý sen Andyho Warhola představuje slavné portréty Marilyn Monroe nebo Jackie Kennedyové i méně známou...
Antiyoutuber.cz,https://www.antiyoutuber.cz/,https://www.antiyoutuber.cz/clanky/dominique-alagia-influencer-hudba-videoklip-kritika-pisen.A250324_115901_antiyout-clanky_sorm,"Dominique Alagia brzy vydá novou skladbu. Nebreč, naštěstí tam skoro nejsi slyšet, reagují lidé na ukázku", před 8 hodinami,Dominique Alagia už za několik dní představí nový hudební videoklip. Skladbu její fanoušci už nyní přidávají ke svým...
iDNES.tv,https://tv.idnes.cz/,https://tv.idnes.cz/krimi/zlodeji-ukradli-ze-zahradnictvi-stromky-odnesli-je-pres-hrbitov.V250324_115208_idnestv_jaha,Zloději ukradli ze zahradnictví stromky. Odnesli je přes hřbitov, před 9 hodinami,
eMimino,https://www.emimino.cz/,https://www.emimino.cz/clanky/adolescent-netflix-otevira-tema-vrazdy-mezi-detmi-a-jeji-sokujici-dusledky/,Adolescent: Netflix otevírá téma vraždy mezi dětmi a její šokující důsledky, dnes,"Pokud patříte mezi milovníky kriminálních seriálů, které vás nenechají chladnými, rozhodně si nenechte ujít minisérii..."
Harpersbazaar,https://harpersbazaar.cz/,https://harpersbazaar.cz/life/tydenni-horoskop-24-03-2025-30-03-2025/,Týdenní horoskop 24.03.2025-30.03.2025, včera,"Slunce již prochází ohnivým znamením Berana, a tím započal nový astrologický rok a roční období jara, které nastalo..."
iDNES.cz,htts://www.idnes.cz,https://www.idnes.cz/zpravy/zahranicni/srbsko-sledovani-kamera-stalkerware-stenice-gps.A250323_171811_zahranicni_stud,V Srbsku může kdokoli špehovat kohokoli. Bondovská technika je k sehnání snadno, dnes,"V Srbsku je snadné kohokoli špehovat. Může vás jednoduše sledovat partner, kolega, šéf nebo soused a vlastně jim za to..."
iDNES.cz,htts://www.idnes.cz,https://www.idnes.cz/jihlava/zpravy/babybox-mimino-rom-odlozeni-rodice-jihlava-nemocnice-vysocina.A250324_074543_jihlava-zpravy_fred,"V Jihlavě někdo odložil romského chlapečka. Vzácnost, říká zakladatel babyboxů", dnes,Do babyboxu v jihlavské nemocnici v neděli večer někdo odložil novorozené děťátko. Podle zakladatele sítě babyboxů...
Expres,https://www.expres.cz/,https://www.expres.cz/celebrity/jan-strach-a-jeho-rodinne-konexe-slavny-bratranec-dj-nobodylisten.A250318_111728_dx-celebrity_opae,Jan Strach a jeho rodinné konexe: Slavný bratranec DJ NobodyListen!, včera,"Režisér Jan Strach (27) stojí před soudem na Praze 1, kvůli obžalobě z vydírání a neoprávněného přístupu k počítačovému..."
Lidovky,https://www.lidovky.cz/,https://www.lidovky.cz/esprit/astier-de-villatte-historicke-vune-stary-egypt-parfemar-dominique-ropion-ivan-pericoli.A250318_134759_ln-espritr_lpuch,Jak voněl starý Egypt. Hvězdný parfémář se zapojil do jedinečného projektu, před 5 hodinami,Francouzskou značku Astier de Villatte založili v roce 1996 Ivan Pericoli a Benoît Astier de Villatte coby umělecký...
iDNES.tv,https://tv.idnes.cz/,https://tv.idnes.cz/zahranicni/ruske-drony-zautocily-na-delnici-pri-oprava-strecha.V250324_100442_idnestv_prr,Ruské drony zaútočily na dělníky při opravě střechy, před 11 hodinami,
Autojournal.cz,https://www.autojournal.cz/,https://www.autojournal.cz/zellmer-zustava-sefem-skody-smlouvu-mu-prodlouzili-do-roku-2028/,"Zellmer zůstává šéfem Škody, smlouvu mu prodloužili do roku 2028", před hodinou,Předseda představenstva automobilky Škoda Auto Klaus Zellmer (57) zůstane ve funkci další tři roky. Německý list...
iDNES.cz,htts://www.idnes.cz,https://www.idnes.cz/zpravy/revue/spolecnost/denis-safarik-herec-sexualni-sceny-kral-sumavy.A250312_082359_lidicky_vohr,"Denis Šafařík šokoval v sexuálních scénách, rodiče nehnuli brvou", dnes,"„Ani si už nepamatuji na kolik jetí jsme to dělali, ale nebylo to nějak vyčerpávající,“ říká Denis Šafařík o svých..."
iDNES.cz,htts://www.idnes.cz,https://www.idnes.cz/zpravy/zahranicni/imamoglu-turecko-protesty-erdogan-istanbul-zatceni-starost.A250324_070410_zahranicni_lysa,"Gumové projektily, tisíc zatčených. Turecko se bouří kvůli zadržení Imamoglua", dnes,"Desítky tisíc lidí v noci na pondělí opět po celém Turecku protestovaly proti zatčení, obvinění a uvěznění jednoho z..."
Metro.cz,https://www.metro.cz/,https://www.metro.cz/praha/hrajeme-padel-ceskou-mekku-noveho-raketoveho-sportu-najdete-na-sutce.A250324_144901_metro-praha_hala,Hrajeme padel! Českou mekku nového raketového sportu najdete na Šutce, před 3 hodinami,"Populární sport jsme si zahráli s tím nejpovolanějším. Při drezuře občas padaly i pochvaly. Padelu, sportu na pomezí..."
Expres,https://www.expres.cz/,https://www.expres.cz/celebrity/adolescent-mel-zjistit-proc-pribyva-detskych-vrahu-na-co-prisli-divaci.A250320_153728_dx-celebrity_stes,"Adolescent měl zjistit, proč přibývá dětských vrahů. Na co přišli diváci?", včera,"Velkou chválu zatím od diváků sklízí netflixová série Adolescent z pera Stephena Grahama, který v ní zároveň hraje...."
Lidovky,https://www.lidovky.cz/,https://www.lidovky.cz/magazin/tiger-woods-golfista-vztah-vanessa-trump-pritelkyne-trump-junior.A250324_143105_ln-magazin_lsva,Pikantní vztah: Tiger Woods chodí s bývalou snachou amerického prezidenta Trumpa, před 7 hodinami,"Tiger Woods (49) a Vanessa Trumpová (47) tvoří pár. Americký golfista o pikantním vztahu informoval na Instagramu, s..."
iDNES.tv,https://tv.idnes.cz/,https://tv.idnes.cz/zahranicni/desitky-tisic-turci-vysly-kvuli-starosta-znovu-do-ulice.V250324_085035_idnestv_prr,Desítky tisíc Turků vyšly kvůli starostovi znovu do ulic, dnes,
iDNES.cz,htts://www.idnes.cz,https://www.idnes.cz/zpravy/zahranicni/nemec-turista-pyramida-kukulkanova-pyramida.A250324_100006_zahranicni_ikro,"Turista ignoroval zákaz. Vylezl na posvátnou pyramidu, rozzuřený dav ho napadl", před 11 hodinami,"Německý turista ve čtvrtek vyvolal ve zřícenině mayského města Chichén Itzá v Mexiku vlnu pobouření poté, co navzdory..."
iDNES.cz,htts://www.idnes.cz,https://www.idnes.cz/ekonomika/zahranicni/velka-britanie-anglie-vesnice-ves-bibury-turiste-turisticky-ruch-autobusy-parkovani.A250324_100454_eko-zahranicni_jadv,"Pohádková vesnice získala mezinárodní věhlas, otravných turistů už má ale po krk", před 8 hodinami,"Obyvatelům vesnice Bibury v hrabství Gloucestershire došla trpělivost s turisty. Poté, co jejich odnepaměti klidné..."
Expres,https://www.expres.cz/,https://www.expres.cz/celebrity/oblecte-se-jako-duo-nera-vytuneny-overal-slovakove-rousal-jak-na-golf.A250305_115256_dx-celebrity_bk,"Oblečte se jako duo NeRa! Vytuněný overal Slovákové, Roušal jak na golf", včera,Brněnská ikona Nela Slováková a zápasník Oktagonu Radek Roušal se konečně přestali schovávat a začali vyrážet na...
Lidovky,https://www.lidovky.cz/,https://www.lidovky.cz/orientace/starozitne-kody-nesmrtelny-mocas-cobol-pocitace-eliza.A250322_110150_ln-orientace_halu,"Jsou jednoduché, levné a fungují. Co ale až prastaré počítačové programy fungovat přestanou?", včera,"Systém na vyplácení důchodů v Česku běží na programu z 80. let minulého století, americká evidence veřejných zakázek na..."
Antiyoutuber.cz,https://www.antiyoutuber.cz/,https://www.antiyoutuber.cz/clanky/jake-paul-jutta-leerdam-instagram-influencer-youtuber-zadost.A250324_143455_antiyout-clanky_sorm,"Jake Paul se zasnoubil s olympijskou rychlobruslařkou. V minulosti už svatbu měl, ale šlo jen o marketing", před 4 hodinami,"Youtuber Jake Paul se bude ženit. Jutta Leerdam, olympijská rychlobruslařka, ale není první ženou, kterou Paul požádal..."
iDNES.tv,https://tv.idnes.cz/,https://tv.idnes.cz/lifestyle/jak-ochocit-slepice-tak-aby-byly-pritulnejsi-a-lepe-se-s-nimi-pracovalo.V250318_155834_idnestv_krr,"Jak ochočit slepice, aby byly přítulnější. Z některých uděláte i mazlíky", dnes,
eMimino,https://www.emimino.cz/,https://www.emimino.cz/clanky/zmena-casu-v-roce-2025/,Změna času v roce 2025: Kdy posuneme ručičky dopředu a kdy zpět?, dnes,"Změna času je stále kontroverzním tématem, které se řeší jak mezi politiky, tak mezi širokou veřejností. Mnozí se..."
Harpersbazaar,https://harpersbazaar.cz/,https://harpersbazaar.cz/fashion/5-it-paru-obuvi-ktere-potrebujete-na-jaro-a-leto-2025/,"5 IT párů obuvi, které potřebujete na jaro a léto 2025", předevčírem,"Revival dřeváků, obsese (koženým) pleteným, návrat gladiátorek a nomádských sandálů nebo comeback 90’s žabek na..."
iDNES.cz,htts://www.idnes.cz,https://www.idnes.cz/onadnes/moda/vip-obrazem-moda-hollywood-krasa-outfit-inspirace.A250321_094222_modni-trendy_bib,"Když dva nosí totéž, není to totéž. Celebrity se blýskly ve stejném outfitu", dnes,"Podívejte se do naší galerie na slavné ženy, které si oblékly stejné oblečení jako jejich kolegyně. Někdy se dokonce..."
iDNES.cz,htts://www.idnes.cz,https://www.idnes.cz/zpravy/zahranicni/rusko-ukrajina-valka-drony-krym-rostov-mirova-jednani-usa.A250324_064037_zahranicni_lysa,"Jednání s USA se vyvíjejí kreativně, uvedli Rusové. V Sumách zranili desítky lidí", dnes,Po dvanácti hodinách skončilo v Rijádu pondělní jednání mezi ruskou a americkou delegací o možnostech zastavení bojů na...
Expres,https://www.expres.cz/,https://www.expres.cz/zpravy/kdo-je-loretta-bush-viralni-hvezda-z-vrazdy-gabby-petito-ktera-ucarovala-zenam.A250323_155018_dx-zpravy_bk,"Kdo je Loretta Bush? Virální hvězda z vraždy Gabby Petito, která učarovala ženám", včera,"Série American Murders slaví úspěchy na Netflixu i přes to, že se zatím jedná o poměrné nový projekt a má zatím jen tři..."
Lidovky,https://www.lidovky.cz/,https://www.lidovky.cz/nazory/obrana-bohatych-mysleni.A250323_084226_ln_nazory_halu,"Obrana bohatých. Vydělat peníze se dá naučit, jde „jen“ o přenastavení mysli", včera,"Někteří lidé mají výbornou paměť na fakta a čísla, čímž excelují ve škole. Jiní vynikají tělesnou silou, což z nich..."
iDNES.tv,https://tv.idnes.cz/,https://tv.idnes.cz/krimi/kriminaliste-zadrzet-muz-zachody-nakupni-centrum-oloupit-nezletily.V250324_110308_idnestv_heli,"Kriminalisté zadrželi muže, který na záchodech v nákupním centru oloupil nezletilého o peníze", před 7 hodinami,
autozive,https://www.autozive.cz/,https://www.autozive.cz/usek-d4-mereni/,"Bezpečnost, nebo prachsprosté obírání řidičů? Úsek D4 u Písku je past na peněženky. Sám jsem se s...", dnes,"Dálnice není dálnice, maximální povolená rychlost 130 km/h neplatí, limit je mnohem níž. Řidiči musí platit, platit a..."
iDNES.cz,htts://www.idnes.cz,https://www.idnes.cz/ekonomika/domaci/michal-krapinec-ceske-drahy-vlak-zasilka.A250323_175039_ekonomika_stud,"Lidí můžeme vozit i víc, příměstské linky jsou ale na hraně kapacit, říká šéf ČD", dnes,"Hromadná přeprava uhlí, oceli a dalších průmyslových komodit řada let pomáhala udržet mimo jiné i osobní dopravu nad..."
iDNES.cz,htts://www.idnes.cz,https://www.idnes.cz/xman/sex/erektilni-dysfunkce-3d-tisk-penis-implantat.A250321_154936_xman-sex_fro,Úplná obnova erekce. Pokusy chválí implantát z 3D tiskárny, dnes,Má to být světová premiéra a má se chlubit výjimečnými výsledky. Biomedicínský 3D tisk dokáže úplně obnovit erekci v...
Metro.cz,https://www.metro.cz/,https://www.metro.cz/domov/stavet-bez-starosti-staci-vybrat-spravneho-dodavatele.A250321_162336_metro-region_lbe,Stavět bez starostí? Stačí vybrat správného dodavatele, dnes,"Stavba domu může představovat noční můru, nebo být příjemným obdobím, na jehož konci je splněný sen. Záleží jen na tom,..."
Expres,https://www.expres.cz/,https://www.expres.cz/zpravy/sef-ct-jan-soucek-placl-jsem-jako-milada-horakova-a-site-bouri.A250323_101604_dx-zpravy_chlp,Šéf ČT Jan Souček plácl: Jsem jako Milada Horáková. A sítě bouří, včera,"Česká televize nemá úplně šťastné období. Nejprve sklidila kritiku za zrušení některých pořadů, pak dostal od Rady..."
Lidovky,https://www.lidovky.cz/,https://www.lidovky.cz/svet/hamilton-palace-milionar-nicholas-van-hoogstraten.A250322_150947_ln_zahranici_halu,OBRAZEM: Nejhonosnější squat Británie. Okázalé sídlo za 40 milionů liber 40 let chátrá, včera,Hamilton Palace milionáře Nicholase Van Hoogstratena v anglickém Jižním Sussexu mělo být okázalým a honosným sídlem za...
iDNES.tv,https://tv.idnes.cz/,https://tv.idnes.cz/rozstrel/rozstrel-dusan-kunovsky-a-daniel-rysavka-cely-zaznam.V250318_162314_idnestv_krr,Developer Kunovský: Nedostatek bytů je tikající bomba. Hrozí politický rozvrat, před 12 hodinami,
iDNES.cz,htts://www.idnes.cz,https://www.idnes.cz/onadnes/vztahy/pribeh-ctenarky-co-mam-delat-pritel-rozchod.A250319_133822_ona-vztahy_job,"Příběh Alice: Chci se rozejít s přítelem, ale mám strach, že si něco udělá", dnes,"S mým klukem jsme spolu už od druhého ročníku střední školy. Měl tehdy náročné období, protože mu vážně onemocněla a..."
iDNES.cz,htts://www.idnes.cz,https://www.idnes.cz/fotbal/reprezentace/kvalifikace-ms-2026-cesko-faerske-ostrovy-komentar-patrik-schick.A250323_161905_fot_reprez_vp2,"POHLED: Faktor Schick. Češi, naučte se, jak ovládat superzbraň", dnes,"Ještě ani neměli domácí hřiště a museli vzít zavděk azylem ve švédské Landskroně, když v září 1990 v mezinárodní..."
Expres,https://www.expres.cz/,https://www.expres.cz/zpravy/barron-trump-a-usha-vance-v-gronsku-jsou-to-spioni-mini-mistni-lide.A250323_121609_dx-zpravy_chlp,"Barron Trump a Usha Vance v Grónsku: Jsou to špioni, míní místní lidé", včera,"Žena amerického viceprezidenta J.D. Vance Usha právě míří do Grónska, údajně na závody psích spřežení. V lednu byl na..."
Lidovky,https://www.lidovky.cz/,https://www.lidovky.cz/domov/skola-papani-jitka-ludvickova-jidlo-vybiravost-nejedlici-jak-naucit-dite-jist.A250320_192917_ln_domov_halu,"Největší extrém? Dítě jedlo jen psí granule. Ergoterapeutka radí, jak na nejedlíky", včera,"Jedí jen velmi málo. A nebo konzumují jen určité typy potravin. Jejích rodiče se často bojí, že děti nebudou dostatečně..."
